Title;;;;;;;;;;Date
Bridgerton: 4. Sezon: Bir Beyefendiden Gelen Teklif;;;;;;;;;;2026-04-09 00:00:00
Bridgerton: 4. Sezon: Diğer Yolun Yanı Başındaki Kırlar;;;;;;;;;;2026-04-09 00:00:00
Bridgerton: 4. Sezon: Evet mi, Hayır mı?;;;;;;;;;;2026-04-09 00:00:00
Bridgerton: 4. Sezon: Geçip Giden Kış;;;;;;;;;;2026-04-09 00:00:00
Bridgerton: 4. Sezon: Kırda Dans;;;;;;;;;;2026-04-09 00:00:00
Bridgerton: 4. Sezon: Mıhlanan Zaman;;;;;;;;;;2026-04-09 00:00:00
Bridgerton: 4. Sezon: Yaşamın Ötesi;;;;;;;;;;2026-04-09 00:00:00
Grinin Elli Tonu;;;;;;;;;;2026-03-23 00:00:00
Mamma Mia! Yeniden Başlıyoruz;;;;;;;;;;2026-03-23 00:00:00
Vladimir: Mini Dizi: Yoruma Karşı;;;;;;;;;;2026-03-19 00:00:00
Vladimir: Mini Dizi: Yükselen Her Şey Bir Noktada Birleşir;;;;;;;;;;2026-03-19 00:00:00
Vladimir: Mini Dizi: Çünkü Buruk Ve Çünkü Benim Kalbim;;;;;;;;;;2026-03-19 00:00:00
Vladimir: Mini Dizi: Şartlar Neyse Ona Göre Oyna;;;;;;;;;;2026-03-17 00:00:00
Vladimir: Mini Dizi: Edepsizlik;;;;;;;;;;2026-03-16 00:00:00
Vladimir: Mini Dizi: Son Dakikada Muazzam Değişiklikler;;;;;;;;;;2026-03-15 00:00:00
Vladimir: Mini Dizi: Uyanış;;;;;;;;;;2026-03-15 00:00:00
Vladimir: Mini Dizi: Biz Hep Şatoda Yaşadık;;;;;;;;;;2026-03-14 00:00:00
La casa de papel: 1. Kısım: 13. Bölüm;;;;;;;;;;2026-03-08 00:00:00
La casa de papel: 2. Kısım: 1. Bölüm;;;;;;;;;;2026-03-08 00:00:00
La casa de papel: 2. Kısım: 2. Bölüm;;;;;;;;;;2026-03-08 00:00:00
La casa de papel: 2. Kısım: 3. Bölüm;;;;;;;;;;2026-03-08 00:00:00
La casa de papel: 2. Kısım: 4. Bölüm;;;;;;;;;;2026-03-08 00:00:00
La casa de papel: 2. Kısım: 5. Bölüm;;;;;;;;;;2026-03-08 00:00:00
La casa de papel: 2. Kısım: 6. Bölüm;;;;;;;;;;2026-03-08 00:00:00
La casa de papel: 2. Kısım: 7. Bölüm;;;;;;;;;;2026-03-08 00:00:00
La casa de papel: 2. Kısım: 8. Bölüm;;;;;;;;;;2026-03-08 00:00:00
La casa de papel: 2. Kısım: 9. Bölüm;;;;;;;;;;2026-03-08 00:00:00
Masumiyet Müzesi: Mini Dizi: Episode 8;;;;;;;;;;2026-02-24 00:00:00
Masumiyet Müzesi: Mini Dizi: Episode 9;;;;;;;;;;2026-02-24 00:00:00
Masumiyet Müzesi: Mini Dizi: Episode 4;;;;;;;;;;2026-02-23 00:00:00
Masumiyet Müzesi: Mini Dizi: Episode 5;;;;;;;;;;2026-02-23 00:00:00
Masumiyet Müzesi: Mini Dizi: Episode 6;;;;;;;;;;2026-02-23 00:00:00
Masumiyet Müzesi: Mini Dizi: Episode 7;;;;;;;;;;2026-02-23 00:00:00